Team name,Profile team,Wiki URL,Region,Country,Track,Kind,Section,Application
Aachen,https://old.igem.org/Team.cgi?team_id=4744,https://2023.igem.wiki/aachen,Europe,Germany,Bioremediation,Collegiate,over,Accepted
Aalto-Helsinki,https://old.igem.org/Team.cgi?team_id=4701,https://2023.igem.wiki/aalto-helsinki,Europe,Finland,Environment,Collegiate,over,Accepted
ABOA-Turku,https://old.igem.org/Team.cgi?team_id=4831,https://2023.igem.wiki/aboa-turku,Europe,Finland,Bioremediation,Collegiate,over,Accepted
AFCM-Egypt,https://old.igem.org/Team.cgi?team_id=4586,https://2023.igem.wiki/afcm-egypt,Africa,Egypt,Therapeutics,Collegiate,under,Accepted
AFMU-China,https://old.igem.org/Team.cgi?team_id=4778,https://2023.igem.wiki/afmu-china,Asia,China,Diagnostics,Collegiate,under,Accepted
AIS-China,https://old.igem.org/Team.cgi?team_id=4808,https://2023.igem.wiki/ais-china,Asia,China,High School,Commercial,hs,Accepted
Aix-Marseille,https://old.igem.org/Team.cgi?team_id=4582,https://2023.igem.wiki/aix-marseille,Europe,France,Climate Crisis,Collegiate,over,Accepted
Alma,https://old.igem.org/Team.cgi?team_id=4732,https://2023.igem.wiki/alma,North America,United States,Bioremediation,Collegiate,under,Accepted
ANU-Australia,https://old.igem.org/Team.cgi?team_id=4780,https://2023.igem.wiki/anu-australia,Asia,Australia,Bioremediation,Collegiate,under,Accepted
AshesiGhana,https://old.igem.org/Team.cgi?team_id=4746,https://2023.igem.wiki/ashesighana,Africa,Ghana,Biomanufacturing,Collegiate,over,Accepted
ASIJ-Tokyo,https://old.igem.org/Team.cgi?team_id=4738,https://2023.igem.wiki/asij-tokyo,Asia,Japan,High School,High School,hs,Accepted
ASU,https://old.igem.org/Team.cgi?team_id=4895,https://2023.igem.wiki/asu,North America,United States,Bioremediation,Collegiate,under,Accepted
Athens,https://old.igem.org/Team.cgi?team_id=4810,https://2023.igem.wiki/athens,Europe,Greece,Diagnostics,Collegiate,over,Accepted
Austin-UTexas,https://old.igem.org/Team.cgi?team_id=4579,https://2023.igem.wiki/austin-utexas,North America,United States,Agriculture,Collegiate,under,Accepted
BAID-China,https://old.igem.org/Team.cgi?team_id=4714,https://2023.igem.wiki/baid-china,Asia,China,High School,High School,hs,Accepted
Bangkok-NMH,https://old.igem.org/Team.cgi?team_id=4962,https://2023.igem.wiki/bangkok-nmh,Asia,Thailand,Software &amp; AI,Collegiate,over,Accepted
Barcelona-UB,https://old.igem.org/Team.cgi?team_id=4770,https://2023.igem.wiki/barcelona-ub,Europe,Spain,Bioremediation,Collegiate,under,Accepted
BASIS-China,https://old.igem.org/Team.cgi?team_id=4880,https://2023.igem.wiki/basis-china,Asia,China,High School,High School,hs,Accepted
BFSU-ICUnited,https://old.igem.org/Team.cgi?team_id=5004,https://2023.igem.wiki/bfsu-icunited,Asia,China,High School,Commercial,hs,Accepted
BGI-MammothEdu-China,https://old.igem.org/Team.cgi?team_id=4799,https://2023.igem.wiki/bgi-mammothedu-china,Asia,China,High School,Commercial,hs,Accepted
BIBS-beijing-china,https://old.igem.org/Team.cgi?team_id=4717,https://2023.igem.wiki/bibs-beijing-china,Asia,China,High School,High School,hs,Accepted
Bielefeld-CeBiTec,https://old.igem.org/Team.cgi?team_id=4877,https://2023.igem.wiki/bielefeld-cebitec,Europe,Germany,Therapeutics,Collegiate,over,Accepted
BilkenTR-UNAM,https://old.igem.org/Team.cgi?team_id=4969,https://2023.igem.wiki/bilkentr-unam,Europe,Turkey,Therapeutics,Collegiate,under,Withdrawn
Bioplus-China,https://old.igem.org/Team.cgi?team_id=4804,https://2023.igem.wiki/bioplus-china,Asia,China,High School,Commercial,hs,Accepted
Bioplus-Shanghai,https://old.igem.org/Team.cgi?team_id=4824,https://2023.igem.wiki/bioplus-shanghai,Asia,China,High School,Commercial,hs,Accepted
BIT,https://old.igem.org/Team.cgi?team_id=4691,https://2023.igem.wiki/bit,Asia,China,Environment,Collegiate,over,Accepted
BIT-China,https://old.igem.org/Team.cgi?team_id=4616,https://2023.igem.wiki/bit-china,Asia,China,Biomanufacturing,Collegiate,under,Accepted
BITSPilani-Goa-India,https://old.igem.org/Team.cgi?team_id=4963,https://2023.igem.wiki/bitspilani-goa-india,Asia,India,Therapeutics,Collegiate,over,Accepted
BJEA-China,https://old.igem.org/Team.cgi?team_id=4722,https://2023.igem.wiki/bjea-china,Asia,China,High School,High School,hs,Accepted
BJHS,https://old.igem.org/Team.cgi?team_id=4861,https://2023.igem.wiki/bjhs,Asia,China,High School,Commercial,hs,Accepted
BJWZ-China,https://old.igem.org/Team.cgi?team_id=4657,https://2023.igem.wiki/bjwz-china,Asia,China,High School,High School,hs,Accepted
BJYUAN-CHINA,https://old.igem.org/Team.cgi?team_id=4945,https://2023.igem.wiki/bjyuan-china,Asia,China,High School,High School,hs,Accepted
BNDS-China,https://old.igem.org/Team.cgi?team_id=4593,https://2023.igem.wiki/bnds-china,Asia,China,High School,High School,hs,Accepted
BNU-China,https://old.igem.org/Team.cgi?team_id=4623,https://2023.igem.wiki/bnu-china,Asia,China,Biomanufacturing,Collegiate,under,Accepted
BNUZH-China,https://old.igem.org/Team.cgi?team_id=4737,https://2023.igem.wiki/bnuzh-china,Asia,China,Therapeutics,Collegiate,under,Accepted
BOKU-Vienna,https://old.igem.org/Team.cgi?team_id=4700,https://2023.igem.wiki/boku-vienna,Europe,Austria,Biomanufacturing,Collegiate,over,Accepted
Bonn-Rheinbach,https://old.igem.org/Team.cgi?team_id=4816,https://2023.igem.wiki/bonn-rheinbach,Europe,Germany,Bioremediation,Collegiate,under,Accepted
BostonU-HW,https://old.igem.org/Team.cgi?team_id=4708,https://2023.igem.wiki/bostonu-hw,North America,United States,Foundational Advance,Collegiate,under,Accepted
BPI-China,https://old.igem.org/Team.cgi?team_id=4667,https://2023.igem.wiki/bpi-china,Asia,China,Diagnostics,Collegiate,over,Accepted
Brest,https://old.igem.org/Team.cgi?team_id=4906,https://2023.igem.wiki/brest,Europe,France,,Collegiate,none,Withdrawn
BS-United-China,https://old.igem.org/Team.cgi?team_id=4897,https://2023.igem.wiki/bs-united-china,Asia,China,High School,Commercial,hs,Accepted
BUCT,https://old.igem.org/Team.cgi?team_id=4644,https://2023.igem.wiki/buct,Asia,China,Therapeutics,Collegiate,over,Accepted
BUCT-China,https://old.igem.org/Team.cgi?team_id=4612,https://2023.igem.wiki/buct-china,Asia,China,Diagnostics,Collegiate,over,Accepted
Bulgaria,https://old.igem.org/Team.cgi?team_id=4855,https://2023.igem.wiki/bulgaria,Europe,Bulgaria,Environment,Collegiate,over,Accepted
BZK,https://old.igem.org/Team.cgi?team_id=5024,https://2023.igem.wiki/bzk,Asia,China,High School,Commercial,hs,Accepted
BZK-SH,https://old.igem.org/Team.cgi?team_id=4862,https://2023.igem.wiki/bzk-sh,Asia,China,High School,Commercial,hs,Accepted
Calgary,https://old.igem.org/Team.cgi?team_id=4944,https://2023.igem.wiki/calgary,North America,Canada,Therapeutics,Collegiate,over,Accepted
Cambridge,https://old.igem.org/Team.cgi?team_id=4769,https://2023.igem.wiki/cambridge,Europe,United Kingdom,Environment,Collegiate,under,Accepted
Canton-HS,https://old.igem.org/Team.cgi?team_id=4872,https://2023.igem.wiki/canton-hs,Asia,China,High School,Commercial,hs,Accepted
CAU-China,https://old.igem.org/Team.cgi?team_id=4614,https://2023.igem.wiki/cau-china,Asia,China,Biomanufacturing,Collegiate,under,Accepted
CCA-San-Diego,https://old.igem.org/Team.cgi?team_id=4610,https://2023.igem.wiki/cca-san-diego,North America,United States,High School,High School,hs,Accepted
CCU-Taiwan,https://old.igem.org/Team.cgi?team_id=4674,https://2023.igem.wiki/ccu-taiwan,Asia,Taiwan,Diagnostics,Collegiate,over,Accepted
Chalmers-Gothenburg,https://old.igem.org/Team.cgi?team_id=4902,https://2023.igem.wiki/chalmers-gothenburg,Europe,Sweden,Food &amp; Nutrition,Collegiate,over,Accepted
City-of-London-UK,https://old.igem.org/Team.cgi?team_id=4642,https://2023.igem.wiki/city-of-london-uk,Europe,United Kingdom,High School,High School,hs,Accepted
CJUH-JLU-China,https://old.igem.org/Team.cgi?team_id=4611,https://2023.igem.wiki/cjuh-jlu-china,Asia,China,Diagnostics,Collegiate,under,Accepted
CNAS-Romania,https://old.igem.org/Team.cgi?team_id=4740,https://2023.igem.wiki/cnas-romania,Europe,Romania,High School,High School,hs,Accepted
CollegiateRVA,https://old.igem.org/Team.cgi?team_id=5012,https://2023.igem.wiki/collegiaterva,North America,United States,High School,High School,hs,Withdrawn
Concordia-Montreal,https://old.igem.org/Team.cgi?team_id=4684,https://2023.igem.wiki/concordia-montreal,North America,Canada,Diagnostics,Collegiate,over,Accepted
Cornell,https://old.igem.org/Team.cgi?team_id=4580,https://2023.igem.wiki/cornell,North America,United States,Biomanufacturing,Collegiate,over,Accepted
CPU-CHINA,https://old.igem.org/Team.cgi?team_id=4990,https://2023.igem.wiki/cpu-china,Asia,China,Therapeutics,Collegiate,under,Accepted
CSMU-Taiwan,https://old.igem.org/Team.cgi?team_id=4618,https://2023.igem.wiki/csmu-taiwan,Asia,Taiwan,Bioremediation,Collegiate,under,Accepted
CSU-CHINA,https://old.igem.org/Team.cgi?team_id=4585,https://2023.igem.wiki/csu-china,Asia,China,Therapeutics,Collegiate,under,Accepted
CU-Boulder,https://old.igem.org/Team.cgi?team_id=4919,https://2023.igem.wiki/cu-boulder,North America,United States,Agriculture,Collegiate,under,Accepted
CUG-China,https://old.igem.org/Team.cgi?team_id=4767,https://2023.igem.wiki/cug-china,Asia,China,Environment,Collegiate,under,Accepted
DKU,https://old.igem.org/Team.cgi?team_id=4587,https://2023.igem.wiki/dku,Asia,China,Agriculture,Collegiate,under,Accepted
DNHS-SanDiego-CA,https://old.igem.org/Team.cgi?team_id=4651,https://2023.igem.wiki/dnhs-sandiego-ca,North America,United States,High School,High School,hs,Accepted
DTU-Denmark,https://old.igem.org/Team.cgi?team_id=4811,https://2023.igem.wiki/dtu-denmark,Europe,Denmark,Environment,Collegiate,over,Accepted
Duesseldorf,https://old.igem.org/Team.cgi?team_id=4706,https://2023.igem.wiki/duesseldorf,Europe,Germany,Agriculture,Collegiate,over,Accepted
Duke,https://old.igem.org/Team.cgi?team_id=4646,https://2023.igem.wiki/duke,North America,United States,Therapeutics,Collegiate,under,Accepted
DUT-China,https://old.igem.org/Team.cgi?team_id=4766,https://2023.igem.wiki/dut-china,Asia,China,Diagnostics,Collegiate,under,Accepted
EastCoastBioCrew,https://old.igem.org/Team.cgi?team_id=4649,https://2023.igem.wiki/eastcoastbiocrew,North America,United States,High School,High School,hs,Accepted
Edinburgh,https://old.igem.org/Team.cgi?team_id=4849,https://2023.igem.wiki/edinburgh,Europe,United Kingdom,Climate Crisis,Collegiate,over,Accepted
EPFL,https://old.igem.org/Team.cgi?team_id=4888,https://2023.igem.wiki/epfl,Europe,Switzerland,Therapeutics,Collegiate,over,Accepted
Estonia-TUIT,https://old.igem.org/Team.cgi?team_id=4917,https://2023.igem.wiki/estonia-tuit,Europe,Estonia,Conservation,Collegiate,over,Accepted
Evry-Paris-Saclay,https://old.igem.org/Team.cgi?team_id=4601,https://2023.igem.wiki/evry-paris-saclay,Europe,France,Therapeutics,Collegiate,over,Accepted
Example,https://old.igem.org/Team.cgi?team_id=4572,https://2023.igem.wiki/example,Europe,France,,Collegiate,over,Accepted
Example-HS,https://old.igem.org/Team.cgi?team_id=4573,https://2023.igem.wiki/example-hs,North America,United States,High School,High School,hs,Accepted
Exeter,https://old.igem.org/Team.cgi?team_id=4694,https://2023.igem.wiki/exeter,Europe,United Kingdom,Therapeutics,Collegiate,under,Accepted
FAU-Erlangen,https://old.igem.org/Team.cgi?team_id=4930,https://2023.igem.wiki/fau-erlangen,Europe,Germany,Diagnostics,Collegiate,over,Accepted
FDR-HBPeru,https://old.igem.org/Team.cgi?team_id=4881,https://2023.igem.wiki/fdr-hbperu,Latin America,Peru,High School,High School,hs,Accepted
Freiburg,https://old.igem.org/Team.cgi?team_id=4604,https://2023.igem.wiki/freiburg,Europe,Germany,Foundational Advance,Collegiate,over,Accepted
FSHS-GD,https://old.igem.org/Team.cgi?team_id=4846,https://2023.igem.wiki/fshs-gd,Asia,China,High School,Commercial,hs,Accepted
FSU,https://old.igem.org/Team.cgi?team_id=4680,https://2023.igem.wiki/fsu,North America,United States,Therapeutics,Collegiate,under,Accepted
Fudan,https://old.igem.org/Team.cgi?team_id=4765,https://2023.igem.wiki/fudan,Asia,China,Environment,Collegiate,under,Accepted
Fujian-United,https://old.igem.org/Team.cgi?team_id=4870,https://2023.igem.wiki/fujian-united,Asia,China,High School,Commercial,hs,Accepted
FZPt-CHINA,https://old.igem.org/Team.cgi?team_id=4688,https://2023.igem.wiki/fzpt-china,Asia,China,Bioremediation,Collegiate,under,Accepted
GEC-CHINA,https://old.igem.org/Team.cgi?team_id=5005,https://2023.igem.wiki/gec-china,Asia,China,High School,Commercial,hs,Accepted
GEC-Guangzhou,https://old.igem.org/Team.cgi?team_id=5001,https://2023.igem.wiki/gec-guangzhou,Asia,China,High School,Commercial,hs,Accepted
GEMS-Taiwan,https://old.igem.org/Team.cgi?team_id=4852,https://2023.igem.wiki/gems-taiwan,Asia,Taiwan,High School,Commercial,hs,Accepted
GeorgiaState-SWJTU,https://old.igem.org/Team.cgi?team_id=4736,https://2023.igem.wiki/georgiastate-swjtu,North America,United States,Biomanufacturing,Collegiate,over,Accepted
Gifu,https://old.igem.org/Team.cgi?team_id=4715,https://2023.igem.wiki/gifu,Asia,Japan,Foundational Advance,Collegiate,under,Accepted
GreatBay-SCIE,https://old.igem.org/Team.cgi?team_id=4825,https://2023.igem.wiki/greatbay-scie,Asia,China,High School,High School,hs,Accepted
Groningen,https://old.igem.org/Team.cgi?team_id=4720,https://2023.igem.wiki/groningen,Europe,Netherlands,Diagnostics,Collegiate,over,Accepted
GU-Frankfurt,https://old.igem.org/Team.cgi?team_id=4660,https://2023.igem.wiki/gu-frankfurt,Europe,Germany,Environment,Collegiate,over,Accepted
Guangxi-U-China,https://old.igem.org/Team.cgi?team_id=4581,https://2023.igem.wiki/guangxi-u-china,Asia,China,Therapeutics,Collegiate,over,Accepted
Guangzhou-MedX,https://old.igem.org/Team.cgi?team_id=4891,https://2023.igem.wiki/guangzhou-medx,Asia,China,High School,Commercial,hs,Accepted
Guelph,https://old.igem.org/Team.cgi?team_id=4597,https://2023.igem.wiki/guelph,North America,Canada,Food &amp; Nutrition,Collegiate,over,Accepted
GXU-China,https://old.igem.org/Team.cgi?team_id=4678,https://2023.igem.wiki/gxu-china,Asia,China,Biomanufacturing,Collegiate,under,Accepted
H14Z-AP,https://old.igem.org/Team.cgi?team_id=4723,https://2023.igem.wiki/h14z-ap,Asia,China,High School,High School,hs,Accepted
HainanU-China,https://old.igem.org/Team.cgi?team_id=4797,https://2023.igem.wiki/hainanu-china,Asia,China,Therapeutics,Collegiate,over,Accepted
Hamburg,https://old.igem.org/Team.cgi?team_id=4669,https://2023.igem.wiki/hamburg,Europe,Germany,Therapeutics,Collegiate,over,Accepted
Hangzhou-BioX,https://old.igem.org/Team.cgi?team_id=4883,https://2023.igem.wiki/hangzhou-biox,Asia,China,High School,Commercial,hs,Accepted
Hangzhou-SDG,https://old.igem.org/Team.cgi?team_id=4882,https://2023.igem.wiki/hangzhou-sdg,Asia,China,High School,Commercial,hs,Accepted
Harvard,https://old.igem.org/Team.cgi?team_id=4999,https://2023.igem.wiki/harvard,North America,United States,Foundational Advance,Collegiate,under,Accepted
HBUT-China,https://old.igem.org/Team.cgi?team_id=4687,https://2023.igem.wiki/hbut-china,Asia,China,Foundational Advance,Collegiate,under,Accepted
Heidelberg,https://old.igem.org/Team.cgi?team_id=4757,https://2023.igem.wiki/heidelberg,Europe,Germany,Bioremediation,Collegiate,over,Accepted
HiZJU-China,https://old.igem.org/Team.cgi?team_id=4761,https://2023.igem.wiki/hizju-china,Asia,China,Therapeutics,Collegiate,under,Accepted
HK-Joint-School,https://old.igem.org/Team.cgi?team_id=4794,https://2023.igem.wiki/hk-joint-school,Asia,Hong Kong,High School,High School,hs,Accepted
HK-SKHLPSS,https://old.igem.org/Team.cgi?team_id=4837,https://2023.igem.wiki/hk-skhlpss,Asia,Hong Kong,High School,High School,hs,Accepted
HKGTC,https://old.igem.org/Team.cgi?team_id=4946,https://2023.igem.wiki/hkgtc,Asia,Hong Kong,High School,High School,hs,Accepted
HKPOLYU,https://old.igem.org/Team.cgi?team_id=4774,https://2023.igem.wiki/hkpolyu,Asia,Hong Kong,Therapeutics,Collegiate,over,Accepted
HKSSC,https://old.igem.org/Team.cgi?team_id=4823,https://2023.igem.wiki/hkssc,Asia,Hong Kong,High School,High School,hs,Accepted
HKU-HongKong,https://old.igem.org/Team.cgi?team_id=4696,https://2023.igem.wiki/hku-hongkong,Asia,Hong Kong,Therapeutics,Collegiate,under,Accepted
HKUST,https://old.igem.org/Team.cgi?team_id=4725,https://2023.igem.wiki/hkust,Asia,Hong Kong,Food &amp; Nutrition,Collegiate,over,Accepted
HNU-China,https://old.igem.org/Team.cgi?team_id=4752,https://2023.igem.wiki/hnu-china,Asia,China,Agriculture,Collegiate,under,Accepted
HongKong-CUHK,https://old.igem.org/Team.cgi?team_id=4867,https://2023.igem.wiki/hongkong-cuhk,Asia,Hong Kong,Bioremediation,Collegiate,under,Accepted
HongKong-JSS,https://old.igem.org/Team.cgi?team_id=4813,https://2023.igem.wiki/hongkong-jss,Asia,Hong Kong,High School,High School,hs,Accepted
HongKong-PuiChing,https://old.igem.org/Team.cgi?team_id=4670,https://2023.igem.wiki/hongkong-puiching,Asia,Hong Kong,High School,High School,hs,Accepted
Hopkins,https://old.igem.org/Team.cgi?team_id=4676,https://2023.igem.wiki/hopkins,North America,United States,Biomanufacturing,Collegiate,under,Accepted
HS-China,https://old.igem.org/Team.cgi?team_id=4664,https://2023.igem.wiki/hs-china,Asia,China,High School,Commercial,hs,Accepted
HS-Shanghai,https://old.igem.org/Team.cgi?team_id=4698,https://2023.igem.wiki/hs-shanghai,Asia,China,High School,Commercial,hs,Accepted
HSASNU,https://old.igem.org/Team.cgi?team_id=4677,https://2023.igem.wiki/hsasnu,Asia,China,High School,High School,hs,Accepted
HUBU-China,https://old.igem.org/Team.cgi?team_id=4666,https://2023.igem.wiki/hubu-china,Asia,China,Climate Crisis,Collegiate,over,Accepted
HUBU-HUBEI-CHINA,https://old.igem.org/Team.cgi?team_id=4912,https://2023.igem.wiki/hubu-hubei-china,Asia,China,Biomanufacturing,Collegiate,under,Accepted
HUBU-SKY-China,https://old.igem.org/Team.cgi?team_id=4927,https://2023.igem.wiki/hubu-sky-china,Asia,China,Environment,Collegiate,under,Accepted
HUBU-WUHAN-CHINA,https://old.igem.org/Team.cgi?team_id=4832,https://2023.igem.wiki/hubu-wuhan-china,Asia,China,Agriculture,Collegiate,under,Accepted
HUST-China,https://old.igem.org/Team.cgi?team_id=4595,https://2023.igem.wiki/hust-china,Asia,China,Climate Crisis,Collegiate,under,Accepted
HUST-UEVE-UPSaclay,https://old.igem.org/Team.cgi?team_id=4900,https://2023.igem.wiki/hust-ueve-upsaclay,Asia,China,Food &amp; Nutrition,Collegiate,under,Accepted
HZAU-China,https://old.igem.org/Team.cgi?team_id=4645,https://2023.igem.wiki/hzau-china,Asia,China,Therapeutics,Collegiate,under,Accepted
iBowu-China,https://old.igem.org/Team.cgi?team_id=4690,https://2023.igem.wiki/ibowu-china,Asia,China,High School,Commercial,hs,Accepted
ICT-Mumbai,https://old.igem.org/Team.cgi?team_id=4692,https://2023.igem.wiki/ict-mumbai,Asia,India,Food &amp; Nutrition,Collegiate,under,Accepted
IFB-Gdansk,https://old.igem.org/Team.cgi?team_id=4695,https://2023.igem.wiki/ifb-gdansk,Europe,Poland,Bioremediation,Collegiate,under,Accepted
IISc-Bengaluru,https://old.igem.org/Team.cgi?team_id=4829,https://2023.igem.wiki/iisc-bengaluru,Asia,India,Therapeutics,Collegiate,under,Accepted
IISER-Bhopal,https://old.igem.org/Team.cgi?team_id=4958,https://2023.igem.wiki/iiser-bhopal,Asia,India,Environment,Collegiate,under,Accepted
IISER-Kolkata,https://old.igem.org/Team.cgi?team_id=4781,https://2023.igem.wiki/iiser-kolkata,Asia,India,Agriculture,Collegiate,under,Accepted
IISER-Mohali,https://old.igem.org/Team.cgi?team_id=4933,https://2023.igem.wiki/iiser-mohali,Asia,India,Foundational Advance,Collegiate,over,Accepted
IISER-Pune-India,https://old.igem.org/Team.cgi?team_id=4879,https://2023.igem.wiki/iiser-pune-india,Asia,India,Climate Crisis,Collegiate,under,Accepted
IISER-Tirupati-India,https://old.igem.org/Team.cgi?team_id=4836,https://2023.igem.wiki/iiser-tirupati-india,Asia,India,Therapeutics,Collegiate,under,Accepted
IISER-TVM,https://old.igem.org/Team.cgi?team_id=4693,https://2023.igem.wiki/iiser-tvm,Asia,India,Diagnostics,Collegiate,under,Accepted
IIT-Delhi,https://old.igem.org/Team.cgi?team_id=4898,https://2023.igem.wiki/iit-delhi,Asia,India,Bioremediation,Collegiate,over,Accepted
IIT-Madras,https://old.igem.org/Team.cgi?team_id=4931,https://2023.igem.wiki/iit-madras,Asia,India,Foundational Advance,Collegiate,under,Accepted
IIT-Roorkee,https://old.igem.org/Team.cgi?team_id=4838,https://2023.igem.wiki/iit-roorkee,Asia,India,Diagnostics,Collegiate,under,Accepted
IITChicago,https://old.igem.org/Team.cgi?team_id=4896,https://2023.igem.wiki/iitchicago,North America,United States,Therapeutics,Collegiate,over,Accepted
INSAENSLyon1,https://old.igem.org/Team.cgi?team_id=4818,https://2023.igem.wiki/insaenslyon1,Europe,France,Therapeutics,Collegiate,over,Accepted
IOANNINA,https://old.igem.org/Team.cgi?team_id=4807,https://2023.igem.wiki/ioannina,Europe,Greece,Therapeutics,Collegiate,over,Accepted
Ionis-Paris,https://old.igem.org/Team.cgi?team_id=4577,https://2023.igem.wiki/ionis-paris,Europe,France,Climate Crisis,Collegiate,over,Accepted
ISPanama,https://old.igem.org/Team.cgi?team_id=4952,https://2023.igem.wiki/ispanama,Latin America,Panama,High School,High School,hs,Accepted
iZJU-China,https://old.igem.org/Team.cgi?team_id=4940,https://2023.igem.wiki/izju-china,Asia,China,Bioremediation,Collegiate,under,Accepted
Japan-United,https://old.igem.org/Team.cgi?team_id=4955,https://2023.igem.wiki/japan-united,Asia,Japan,High School,High School,hs,Accepted
JCVI-UCSD,https://old.igem.org/Team.cgi?team_id=4921,https://2023.igem.wiki/jcvi-ucsd,North America,United States,Climate Crisis,Collegiate,under,Accepted
Jiangnan-China,https://old.igem.org/Team.cgi?team_id=4759,https://2023.igem.wiki/jiangnan-china,Asia,China,Biomanufacturing,Collegiate,under,Accepted
Jiangsu-United,https://old.igem.org/Team.cgi?team_id=4840,https://2023.igem.wiki/jiangsu-united,Asia,China,High School,Commercial,hs,Accepted
Jilin-China,https://old.igem.org/Team.cgi?team_id=4980,https://2023.igem.wiki/jilin-china,Asia,China,Therapeutics,Collegiate,under,Accepted
JLU-China,https://old.igem.org/Team.cgi?team_id=4609,https://2023.igem.wiki/jlu-china,Asia,China,Therapeutics,Collegiate,under,Accepted
JLU-NBBMS,https://old.igem.org/Team.cgi?team_id=4833,https://2023.igem.wiki/jlu-nbbms,Asia,China,Therapeutics,Collegiate,over,Accepted
KCIS-Xiugang-Taipei,https://old.igem.org/Team.cgi?team_id=4650,https://2023.igem.wiki/kcis-xiugang-taipei,Asia,Taiwan,High School,High School,hs,Accepted
KCL-UK,https://old.igem.org/Team.cgi?team_id=4584,https://2023.igem.wiki/kcl-uk,Europe,United Kingdom,Diagnostics,Collegiate,over,Accepted
Keystone,https://old.igem.org/Team.cgi?team_id=4863,https://2023.igem.wiki/keystone,Asia,China,High School,High School,hs,Accepted
Korea-HS,https://old.igem.org/Team.cgi?team_id=4869,https://2023.igem.wiki/korea-hs,Asia,"Korea, Republic Of",High School,Commercial,hs,Accepted
KUAS-SEOUL,https://old.igem.org/Team.cgi?team_id=4953,https://2023.igem.wiki/kuas-seoul,Asia,"Korea, Republic Of",Diagnostics,Collegiate,over,Accepted
KULeuven,https://old.igem.org/Team.cgi?team_id=4661,https://2023.igem.wiki/kuleuven,Europe,Belgium,Biomanufacturing,Collegiate,over,Accepted
Kyoto,https://old.igem.org/Team.cgi?team_id=4655,https://2023.igem.wiki/kyoto,Asia,Japan,Agriculture,Collegiate,under,Accepted
Lambert-GA,https://old.igem.org/Team.cgi?team_id=4683,https://2023.igem.wiki/lambert-ga,North America,United States,High School,High School,hs,Accepted
Latvia-Riga,https://old.igem.org/Team.cgi?team_id=4620,https://2023.igem.wiki/latvia-riga,Europe,Latvia,Foundational Advance,Collegiate,over,Accepted
Leiden,https://old.igem.org/Team.cgi?team_id=4721,https://2023.igem.wiki/leiden,Europe,Netherlands,Biomanufacturing,Collegiate,over,Accepted
Lethbridge,https://old.igem.org/Team.cgi?team_id=4754,https://2023.igem.wiki/lethbridge,North America,Canada,Agriculture,Collegiate,under,Accepted
LethbridgeHS,https://old.igem.org/Team.cgi?team_id=4599,https://2023.igem.wiki/lethbridgehs,North America,Canada,High School,High School,hs,Accepted
LINKS-China,https://old.igem.org/Team.cgi?team_id=4805,https://2023.igem.wiki/links-china,Asia,China,High School,Commercial,hs,Accepted
Liuan-Shanghai,https://old.igem.org/Team.cgi?team_id=4977,https://2023.igem.wiki/liuan-shanghai,Asia,China,High School,Commercial,hs,Accepted
LJCDSCalifornia,https://old.igem.org/Team.cgi?team_id=5028,https://2023.igem.wiki/ljcdscalifornia,North America,United States,High School,High School,hs,Withdrawn
Lund,https://old.igem.org/Team.cgi?team_id=4745,https://2023.igem.wiki/lund,Europe,Sweden,Bioremediation,Collegiate,over,Accepted
LZU-CHINA,https://old.igem.org/Team.cgi?team_id=4788,https://2023.igem.wiki/lzu-china,Asia,China,Food &amp; Nutrition,Collegiate,under,Accepted
Makerere-Uganda,https://old.igem.org/Team.cgi?team_id=5019,https://2023.igem.wiki/makerere-uganda,Africa,Uganda,Environment,Collegiate,over,Accepted
Manual-KY,https://old.igem.org/Team.cgi?team_id=5029,https://2023.igem.wiki/manual-ky,North America,United States,High School,High School,hs,Accepted
Marburg,https://old.igem.org/Team.cgi?team_id=4729,https://2023.igem.wiki/marburg,Europe,Germany,Foundational Advance,Collegiate,over,Accepted
McGill,https://old.igem.org/Team.cgi?team_id=4608,https://2023.igem.wiki/mcgill,North America,Canada,Therapeutics,Collegiate,under,Accepted
McMaster-Canada,https://old.igem.org/Team.cgi?team_id=4751,https://2023.igem.wiki/mcmaster-canada,North America,Canada,Diagnostics,Collegiate,under,Accepted
McMasterU,https://old.igem.org/Team.cgi?team_id=4819,https://2023.igem.wiki/mcmasteru,North America,Canada,Therapeutics,Collegiate,under,Accepted
Metropolis-Shanghai,https://old.igem.org/Team.cgi?team_id=4875,https://2023.igem.wiki/metropolis-shanghai,Asia,China,High School,Commercial,hs,Accepted
MetroTorontoHS,https://old.igem.org/Team.cgi?team_id=4682,https://2023.igem.wiki/metrotorontohs,North America,Canada,High School,High School,hs,Withdrawn
Michigan,https://old.igem.org/Team.cgi?team_id=4858,https://2023.igem.wiki/michigan,North America,United States,Diagnostics,Collegiate,under,Accepted
Mingdao,https://old.igem.org/Team.cgi?team_id=4652,https://2023.igem.wiki/mingdao,Asia,Taiwan,High School,High School,hs,Accepted
Missouri-Miners,https://old.igem.org/Team.cgi?team_id=4856,https://2023.igem.wiki/missouri-miners,North America,United States,Diagnostics,Collegiate,under,Accepted
MIT,https://old.igem.org/Team.cgi?team_id=4764,https://2023.igem.wiki/mit,North America,United States,Therapeutics,Collegiate,under,Accepted
MIT-MAHE,https://old.igem.org/Team.cgi?team_id=4641,https://2023.igem.wiki/mit-mahe,Asia,India,Bioremediation,Collegiate,over,Accepted
Montpellier,https://old.igem.org/Team.cgi?team_id=4697,https://2023.igem.wiki/montpellier,Europe,France,Diagnostics,Collegiate,over,Accepted
MSP-Maastricht,https://old.igem.org/Team.cgi?team_id=4665,https://2023.igem.wiki/msp-maastricht,Europe,Netherlands,Biomanufacturing,Collegiate,under,Accepted
Munich,https://old.igem.org/Team.cgi?team_id=4574,https://2023.igem.wiki/munich,Europe,Germany,Therapeutics,Collegiate,over,Accepted
MunichBioinformatics,https://old.igem.org/Team.cgi?team_id=5016,https://2023.igem.wiki/munichbioinformatics,Europe,Germany,Software &amp; AI,Collegiate,over,Accepted
Nanjing-BioX,https://old.igem.org/Team.cgi?team_id=4886,https://2023.igem.wiki/nanjing-biox,Asia,China,High School,Commercial,hs,Accepted
Nanjing-BioXstem,https://old.igem.org/Team.cgi?team_id=4779,https://2023.igem.wiki/nanjing-bioxstem,Asia,China,High School,Commercial,hs,Accepted
Nanjing-China,https://old.igem.org/Team.cgi?team_id=4605,https://2023.igem.wiki/nanjing-china,Asia,China,Biomanufacturing,Collegiate,under,Accepted
Nanjing-NFLS,https://old.igem.org/Team.cgi?team_id=4606,https://2023.igem.wiki/nanjing-nfls,Asia,China,High School,High School,hs,Accepted
NANJING-NFLSFC,https://old.igem.org/Team.cgi?team_id=5022,https://2023.igem.wiki/nanjing-nflsfc,Asia,China,High School,High School,hs,Accepted
Nanjing-SDG,https://old.igem.org/Team.cgi?team_id=4885,https://2023.igem.wiki/nanjing-sdg,Asia,China,High School,Commercial,hs,Accepted
Nantes,https://old.igem.org/Team.cgi?team_id=4709,https://2023.igem.wiki/nantes,Europe,France,Therapeutics,Collegiate,under,Accepted
NAU-CHINA,https://old.igem.org/Team.cgi?team_id=4613,https://2023.igem.wiki/nau-china,Asia,China,Food &amp; Nutrition,Collegiate,under,Accepted
NavarraBG,https://old.igem.org/Team.cgi?team_id=5011,https://2023.igem.wiki/navarrabg,Europe,Spain,High School,High School,hs,Accepted
NCHU-Taichung,https://old.igem.org/Team.cgi?team_id=4934,https://2023.igem.wiki/nchu-taichung,Asia,Taiwan,Conservation,Collegiate,under,Accepted
NCSU,https://old.igem.org/Team.cgi?team_id=4943,https://2023.igem.wiki/ncsu,North America,United States,Therapeutics,Collegiate,over,Accepted
NDSU,https://old.igem.org/Team.cgi?team_id=4753,https://2023.igem.wiki/ndsu,North America,United States,Agriculture,Collegiate,under,Accepted
NEFU-China,https://old.igem.org/Team.cgi?team_id=4827,https://2023.igem.wiki/nefu-china,Asia,China,Biomanufacturing,Collegiate,under,Accepted
NEU-CHINA,https://old.igem.org/Team.cgi?team_id=4635,https://2023.igem.wiki/neu-china,Asia,China,Biomanufacturing,Collegiate,over,Accepted
NIS-Kazakhstan,https://old.igem.org/Team.cgi?team_id=4901,https://2023.igem.wiki/nis-kazakhstan,Asia,Kazakhstan,High School,High School,hs,Accepted
NJMU-China,https://old.igem.org/Team.cgi?team_id=4705,https://2023.igem.wiki/njmu-china,Asia,China,Therapeutics,Collegiate,over,Accepted
NJTech-China-A,https://old.igem.org/Team.cgi?team_id=4724,https://2023.igem.wiki/njtech-china-a,Asia,China,Bioremediation,Collegiate,under,Accepted
NJTech-China-B,https://old.igem.org/Team.cgi?team_id=4800,https://2023.igem.wiki/njtech-china-b,Asia,China,Biomanufacturing,Collegiate,under,Accepted
NJU-China,https://old.igem.org/Team.cgi?team_id=4815,https://2023.igem.wiki/nju-china,Asia,China,Foundational Advance,Collegiate,under,Accepted
NMU-China,https://old.igem.org/Team.cgi?team_id=4656,https://2023.igem.wiki/nmu-china,Asia,China,Therapeutics,Collegiate,under,Accepted
NNU-CHINA,https://old.igem.org/Team.cgi?team_id=4790,https://2023.igem.wiki/nnu-china,Asia,China,Bioremediation,Collegiate,under,Accepted
NPU-CHINA,https://old.igem.org/Team.cgi?team_id=4801,https://2023.igem.wiki/npu-china,Asia,China,Food &amp; Nutrition,Collegiate,under,Accepted
NTHU-Taiwan,https://old.igem.org/Team.cgi?team_id=4636,https://2023.igem.wiki/nthu-taiwan,Asia,Taiwan,Diagnostics,Collegiate,under,Accepted
NTU-Singapore,https://old.igem.org/Team.cgi?team_id=4830,https://2023.igem.wiki/ntu-singapore,Asia,Singapore,Foundational Advance,Collegiate,under,Accepted
NU-Kazakhstan,https://old.igem.org/Team.cgi?team_id=4782,https://2023.igem.wiki/nu-kazakhstan,Asia,Kazakhstan,Therapeutics,Collegiate,under,Accepted
NUDT-CHINA,https://old.igem.org/Team.cgi?team_id=4960,https://2023.igem.wiki/nudt-china,Asia,China,Therapeutics,Collegiate,under,Accepted
NUS-Singapore,https://old.igem.org/Team.cgi?team_id=4850,https://2023.igem.wiki/nus-singapore,Asia,Singapore,Foundational Advance,Collegiate,under,Accepted
NWU-CHINA-A,https://old.igem.org/Team.cgi?team_id=4762,https://2023.igem.wiki/nwu-china-a,Asia,China,Therapeutics,Collegiate,under,Accepted
NYCEmpireState,https://old.igem.org/Team.cgi?team_id=4974,https://2023.igem.wiki/nycempirestate,North America,United States,High School,Commercial,hs,Accepted
NYCU-Formosa,https://old.igem.org/Team.cgi?team_id=4854,https://2023.igem.wiki/nycu-formosa,Asia,Taiwan,Biomanufacturing,Collegiate,under,Accepted
NYCU-Taipei,https://old.igem.org/Team.cgi?team_id=4822,https://2023.igem.wiki/nycu-taipei,Asia,Taiwan,Diagnostics,Collegiate,under,Accepted
NYU-Abu-Dhabi,https://old.igem.org/Team.cgi?team_id=4812,https://2023.igem.wiki/nyu-abu-dhabi,Asia,United Arab Emirates,Biomanufacturing,Collegiate,under,Accepted
NYU-New-York,https://old.igem.org/Team.cgi?team_id=4820,https://2023.igem.wiki/nyu-new-york,North America,United States,Diagnostics,Collegiate,over,Accepted
Ohio-State-FABE,https://old.igem.org/Team.cgi?team_id=5027,https://2023.igem.wiki/ohio-state-fabe,North America,United States,Therapeutics,Collegiate,under,Accepted
OKstate,https://old.igem.org/Team.cgi?team_id=4884,https://2023.igem.wiki/okstate,North America,United States,Climate Crisis,Collegiate,under,Accepted
OTIA-Hangzhou,https://old.igem.org/Team.cgi?team_id=4865,https://2023.igem.wiki/otia-hangzhou,Asia,China,High School,Commercial,hs,Accepted
OUC-China,https://old.igem.org/Team.cgi?team_id=4711,https://2023.igem.wiki/ouc-china,Asia,China,Biomanufacturing,Collegiate,under,Accepted
OUC-Haide,https://old.igem.org/Team.cgi?team_id=4596,https://2023.igem.wiki/ouc-haide,Asia,China,Bioremediation,Collegiate,under,Accepted
Oxford,https://old.igem.org/Team.cgi?team_id=4932,https://2023.igem.wiki/oxford,Europe,United Kingdom,Diagnostics,Collegiate,under,Accepted
Paris-Bettencourt,https://old.igem.org/Team.cgi?team_id=4602,https://2023.igem.wiki/paris-bettencourt,Europe,France,Therapeutics,Collegiate,over,Accepted
Patras,https://old.igem.org/Team.cgi?team_id=4639,https://2023.igem.wiki/patras,Europe,Greece,Diagnostics,Collegiate,under,Accepted
Patras-Med,https://old.igem.org/Team.cgi?team_id=5017,https://2023.igem.wiki/patras-med,Europe,Greece,Therapeutics,Collegiate,under,Accepted
PatrasBio,https://old.igem.org/Team.cgi?team_id=4973,https://2023.igem.wiki/patrasbio,Europe,Greece,Conservation,Collegiate,under,Accepted
Peking,https://old.igem.org/Team.cgi?team_id=4713,https://2023.igem.wiki/peking,Asia,China,Therapeutics,Collegiate,under,Accepted
PekingHSC,https://old.igem.org/Team.cgi?team_id=4638,https://2023.igem.wiki/pekinghsc,Asia,China,Therapeutics,Collegiate,under,Accepted
PennState,https://old.igem.org/Team.cgi?team_id=4950,https://2023.igem.wiki/pennstate,North America,United States,Diagnostics,Collegiate,over,Accepted
PIHS-Beijing,https://old.igem.org/Team.cgi?team_id=4971,https://2023.igem.wiki/pihs-beijing,Asia,China,High School,High School,hs,Accepted
PINGHE,https://old.igem.org/Team.cgi?team_id=4926,https://2023.igem.wiki/pinghe,Asia,China,High School,Commercial,hs,Accepted
PLKLFC-1,https://old.igem.org/Team.cgi?team_id=4923,https://2023.igem.wiki/plklfc-1,Asia,Hong Kong,High School,High School,hs,Accepted
PLKNPLC-HK,https://old.igem.org/Team.cgi?team_id=4936,https://2023.igem.wiki/plknplc-hk,Asia,Hong Kong,High School,High School,hs,Accepted
Princeton,https://old.igem.org/Team.cgi?team_id=4686,https://2023.igem.wiki/princeton,North America,United States,Foundational Advance,Collegiate,under,Accepted
PTSH-Taiwan,https://old.igem.org/Team.cgi?team_id=4743,https://2023.igem.wiki/ptsh-taiwan,Asia,Taiwan,High School,High School,hs,Accepted
PuiChing-Macau,https://old.igem.org/Team.cgi?team_id=4814,https://2023.igem.wiki/puiching-macau,Asia,Macao,High School,High School,hs,Accepted
Purdue,https://old.igem.org/Team.cgi?team_id=4894,https://2023.igem.wiki/purdue,North America,United States,Biomanufacturing,Collegiate,under,Withdrawn
Qdai,https://old.igem.org/Team.cgi?team_id=4784,https://2023.igem.wiki/qdai,Asia,Japan,Environment,Collegiate,under,Accepted
Queens-Canada,https://old.igem.org/Team.cgi?team_id=4728,https://2023.igem.wiki/queens-canada,North America,Canada,Bioremediation,Collegiate,under,Accepted
RainsACA-China,https://old.igem.org/Team.cgi?team_id=4996,https://2023.igem.wiki/rainsaca-china,Asia,China,High School,Commercial,hs,Accepted
RBHS-SanDiego-CA,https://old.igem.org/Team.cgi?team_id=4734,https://2023.igem.wiki/rbhs-sandiego-ca,North America,United States,High School,High School,hs,Accepted
RDFZ-CHINA,https://old.igem.org/Team.cgi?team_id=4965,https://2023.igem.wiki/rdfz-china,Asia,China,High School,High School,hs,Accepted
REC-CHENNAI,https://old.igem.org/Team.cgi?team_id=4689,https://2023.igem.wiki/rec-chennai,Asia,India,Climate Crisis,Collegiate,under,Accepted
Rochester,https://old.igem.org/Team.cgi?team_id=4588,https://2023.igem.wiki/rochester,North America,United States,Biomanufacturing,Collegiate,under,Accepted
RPTU-Kaiserslautern,https://old.igem.org/Team.cgi?team_id=4806,https://2023.igem.wiki/rptu-kaiserslautern,Europe,Germany,Bioremediation,Collegiate,under,Accepted
RUBochum,https://old.igem.org/Team.cgi?team_id=4741,https://2023.igem.wiki/rubochum,Europe,Germany,Environment,Collegiate,over,Accepted
Saint-Joseph,https://old.igem.org/Team.cgi?team_id=4622,https://2023.igem.wiki/saint-joseph,Europe,Turkey,High School,High School,hs,Accepted
SCAU-China,https://old.igem.org/Team.cgi?team_id=4632,https://2023.igem.wiki/scau-china,Asia,China,Conservation,Collegiate,under,Accepted
SCIE-PearlDelta,https://old.igem.org/Team.cgi?team_id=4847,https://2023.igem.wiki/scie-pearldelta,Asia,China,High School,Commercial,hs,Accepted
SCU-BSE-China,https://old.igem.org/Team.cgi?team_id=4937,https://2023.igem.wiki/scu-bse-china,Asia,China,Foundational Advance,Collegiate,under,Accepted
SCU-China,https://old.igem.org/Team.cgi?team_id=4817,https://2023.igem.wiki/scu-china,Asia,China,Environment,Collegiate,under,Accepted
SCUT-China,https://old.igem.org/Team.cgi?team_id=4621,https://2023.igem.wiki/scut-china,Asia,China,Biomanufacturing,Collegiate,under,Accepted
SDU-CHINA,https://old.igem.org/Team.cgi?team_id=4583,https://2023.igem.wiki/sdu-china,Asia,China,Biomanufacturing,Collegiate,under,Accepted
SDU-Denmark,https://old.igem.org/Team.cgi?team_id=4868,https://2023.igem.wiki/sdu-denmark,Europe,Denmark,Bioremediation,Collegiate,over,Accepted
Seoul-Korea,https://old.igem.org/Team.cgi?team_id=4948,https://2023.igem.wiki/seoul-korea,Asia,"Korea, Republic Of",High School,Commercial,hs,Accepted
Shanghai-BioX,https://old.igem.org/Team.cgi?team_id=4887,https://2023.igem.wiki/shanghai-biox,Asia,China,High School,Commercial,hs,Accepted
Shanghai-city,https://old.igem.org/Team.cgi?team_id=4873,https://2023.igem.wiki/shanghai-city,Asia,China,High School,Commercial,hs,Accepted
Shanghai-HS,https://old.igem.org/Team.cgi?team_id=4874,https://2023.igem.wiki/shanghai-hs,Asia,China,High School,Commercial,hs,Accepted
Shanghai-MedX,https://old.igem.org/Team.cgi?team_id=4889,https://2023.igem.wiki/shanghai-medx,Asia,China,High School,Commercial,hs,Accepted
Shanghai-SDG,https://old.igem.org/Team.cgi?team_id=4890,https://2023.igem.wiki/shanghai-sdg,Asia,China,High School,Commercial,hs,Accepted
ShanghaiTech-China,https://old.igem.org/Team.cgi?team_id=4594,https://2023.igem.wiki/shanghaitech-china,Asia,China,Climate Crisis,Collegiate,under,Accepted
Sheffield,https://old.igem.org/Team.cgi?team_id=4939,https://2023.igem.wiki/sheffield,Europe,United Kingdom,Foundational Advance,Collegiate,over,Accepted
SHSBNU-China,https://old.igem.org/Team.cgi?team_id=4672,https://2023.igem.wiki/shsbnu-china,Asia,China,High School,High School,hs,Accepted
SHSID-China,https://old.igem.org/Team.cgi?team_id=4942,https://2023.igem.wiki/shsid-china,Asia,China,High School,Commercial,hs,Accepted
SJTU-BioX-Shanghai,https://old.igem.org/Team.cgi?team_id=4760,https://2023.igem.wiki/sjtu-biox-shanghai,Asia,China,Bioremediation,Collegiate,over,Accepted
SJTU-software,https://old.igem.org/Team.cgi?team_id=4589,https://2023.igem.wiki/sjtu-software,Asia,China,Software &amp; AI,Collegiate,under,Accepted
SMBU,https://old.igem.org/Team.cgi?team_id=4911,https://2023.igem.wiki/smbu,Asia,China,Diagnostics,Collegiate,over,Accepted
SMS-Shenzhen,https://old.igem.org/Team.cgi?team_id=4712,https://2023.igem.wiki/sms-shenzhen,Asia,China,High School,High School,hs,Accepted
Sorbonne-U-Paris,https://old.igem.org/Team.cgi?team_id=4643,https://2023.igem.wiki/sorbonne-u-paris,Europe,France,Bioremediation,Collegiate,under,Accepted
Squirrel-Beijing,https://old.igem.org/Team.cgi?team_id=5014,https://2023.igem.wiki/squirrel-beijing,Asia,China,,Commercial,hs,Withdrawn
Squirrel-Beijing-I,https://old.igem.org/Team.cgi?team_id=5002,https://2023.igem.wiki/squirrel-beijing-i,Asia,China,High School,Commercial,hs,Accepted
Squirrel-Beijing-II,https://old.igem.org/Team.cgi?team_id=5003,https://2023.igem.wiki/squirrel-beijing-ii,Asia,China,,Commercial,hs,Withdrawn
Squirrel-CHN,https://old.igem.org/Team.cgi?team_id=5013,https://2023.igem.wiki/squirrel-chn,Asia,China,High School,Commercial,hs,Accepted
Squirrel-CHN-II,https://old.igem.org/Team.cgi?team_id=5009,https://2023.igem.wiki/squirrel-chn-ii,Asia,China,High School,Commercial,hs,Accepted
Squirrel-Guangzhou,https://old.igem.org/Team.cgi?team_id=5000,https://2023.igem.wiki/squirrel-guangzhou,Asia,China,High School,Commercial,hs,Accepted
Squirrel-Shanghai,https://old.igem.org/Team.cgi?team_id=5008,https://2023.igem.wiki/squirrel-shanghai,Asia,China,High School,Commercial,hs,Accepted
Stanford,https://old.igem.org/Team.cgi?team_id=4951,https://2023.igem.wiki/stanford,North America,United States,Environment,Collegiate,under,Accepted
Stockholm,https://old.igem.org/Team.cgi?team_id=4658,https://2023.igem.wiki/stockholm,Europe,Sweden,Environment,Collegiate,over,Accepted
Stony-Brook,https://old.igem.org/Team.cgi?team_id=4647,https://2023.igem.wiki/stony-brook,North America,United States,Environment,Collegiate,over,Accepted
Stuttgart,https://old.igem.org/Team.cgi?team_id=4575,https://2023.igem.wiki/stuttgart,Europe,Germany,Therapeutics,Collegiate,over,Accepted
SubCat-China,https://old.igem.org/Team.cgi?team_id=4845,https://2023.igem.wiki/subcat-china,Asia,China,High School,Commercial,hs,Accepted
SubCat-GD,https://old.igem.org/Team.cgi?team_id=4909,https://2023.igem.wiki/subcat-gd,Asia,China,High School,Commercial,hs,Accepted
SubCat-HongKong,https://old.igem.org/Team.cgi?team_id=4929,https://2023.igem.wiki/subcat-hongkong,Asia,China,High School,Commercial,hs,Accepted
SubCat-Peking,https://old.igem.org/Team.cgi?team_id=4904,https://2023.igem.wiki/subcat-peking,Asia,China,High School,Commercial,hs,Accepted
SubCat-Shanghai,https://old.igem.org/Team.cgi?team_id=4908,https://2023.igem.wiki/subcat-shanghai,Asia,China,High School,Commercial,hs,Accepted
SUSTech-CHINA,https://old.igem.org/Team.cgi?team_id=4785,https://2023.igem.wiki/sustech-china,Asia,China,Therapeutics,Collegiate,under,Accepted
SUSTech-MED,https://old.igem.org/Team.cgi?team_id=4747,https://2023.igem.wiki/sustech-med,Asia,China,Therapeutics,Collegiate,under,Accepted
SUSTech-OCE,https://old.igem.org/Team.cgi?team_id=4809,https://2023.igem.wiki/sustech-oce,Asia,China,Environment,Collegiate,over,Accepted
SUSTech-Shenzhen,https://old.igem.org/Team.cgi?team_id=4739,https://2023.igem.wiki/sustech-shenzhen,Asia,China,Therapeutics,Collegiate,under,Accepted
SVCE-CHENNAI,https://old.igem.org/Team.cgi?team_id=4864,https://2023.igem.wiki/svce-chennai,Asia,India,Agriculture,Collegiate,under,Accepted
SWUer-China,https://old.igem.org/Team.cgi?team_id=4915,https://2023.igem.wiki/swuer-china,Asia,China,Agriculture,Collegiate,over,Accepted
SYPHU-China,https://old.igem.org/Team.cgi?team_id=4617,https://2023.igem.wiki/syphu-china,Asia,China,Therapeutics,Collegiate,under,Accepted
SYSU-SLS-CHINA,https://old.igem.org/Team.cgi?team_id=4839,https://2023.igem.wiki/sysu-sls-china,Asia,China,Therapeutics,Collegiate,over,Accepted
SYSU-Software,https://old.igem.org/Team.cgi?team_id=4826,https://2023.igem.wiki/sysu-software,Asia,China,Software &amp; AI,Collegiate,under,Accepted
SZ-SHD,https://old.igem.org/Team.cgi?team_id=4844,https://2023.igem.wiki/sz-shd,Asia,China,High School,Commercial,hs,Accepted
SZU-China,https://old.igem.org/Team.cgi?team_id=4653,https://2023.igem.wiki/szu-china,Asia,China,Agriculture,Collegiate,over,Accepted
Taipei-KCISLK-V1,https://old.igem.org/Team.cgi?team_id=4673,https://2023.igem.wiki/taipei-kcislk-v1,Asia,Taiwan,High School,High School,hs,Accepted
TAU-Israel,https://old.igem.org/Team.cgi?team_id=4648,https://2023.igem.wiki/tau-israel,Asia,Israel,Foundational Advance,Collegiate,over,Accepted
Tec-Chihuahua,https://old.igem.org/Team.cgi?team_id=4607,https://2023.igem.wiki/tec-chihuahua,Latin America,Mexico,Food &amp; Nutrition,Collegiate,under,Accepted
Technion-Israel,https://old.igem.org/Team.cgi?team_id=4633,https://2023.igem.wiki/technion-israel,Asia,Israel,Therapeutics,Collegiate,over,Accepted
TecMonterreyGDL,https://old.igem.org/Team.cgi?team_id=4763,https://2023.igem.wiki/tecmonterreygdl,Latin America,Mexico,Environment,Collegiate,under,Accepted
Thailand-RIS,https://old.igem.org/Team.cgi?team_id=4629,https://2023.igem.wiki/thailand-ris,Asia,Thailand,High School,High School,hs,Accepted
The-Kings-School-AU,https://old.igem.org/Team.cgi?team_id=4735,https://2023.igem.wiki/the-kings-school-au,Asia,Australia,High School,High School,hs,Accepted
thessaloniki,https://old.igem.org/Team.cgi?team_id=4998,https://2023.igem.wiki/thessaloniki,Europe,Greece,Conservation,Collegiate,under,Accepted
Thessaly,https://old.igem.org/Team.cgi?team_id=4624,https://2023.igem.wiki/thessaly,Europe,Greece,Bioremediation,Collegiate,over,Accepted
THINKER-CHINA,https://old.igem.org/Team.cgi?team_id=4986,https://2023.igem.wiki/thinker-china,Asia,China,High School,Commercial,hs,Accepted
Thinker-Guangdong,https://old.igem.org/Team.cgi?team_id=4987,https://2023.igem.wiki/thinker-guangdong,Asia,China,High School,Commercial,hs,Accepted
Thinker-SC,https://old.igem.org/Team.cgi?team_id=5015,https://2023.igem.wiki/thinker-sc,Asia,China,High School,Commercial,hs,Accepted
Thinker-Shanghai,https://old.igem.org/Team.cgi?team_id=4988,https://2023.igem.wiki/thinker-shanghai,Asia,China,High School,Commercial,hs,Accepted
Thinker-Shenzhen,https://old.igem.org/Team.cgi?team_id=4979,https://2023.igem.wiki/thinker-shenzhen,Asia,China,High School,Commercial,hs,Accepted
THIS-CHINA,https://old.igem.org/Team.cgi?team_id=4793,https://2023.igem.wiki/this-china,Asia,China,High School,High School,hs,Withdrawn
Thrace,https://old.igem.org/Team.cgi?team_id=4989,https://2023.igem.wiki/thrace,Europe,Greece,Therapeutics,Collegiate,over,Accepted
Tianjin,https://old.igem.org/Team.cgi?team_id=4703,https://2023.igem.wiki/tianjin,Asia,China,Conservation,Collegiate,under,Accepted
TJUSLS-China,https://old.igem.org/Team.cgi?team_id=4627,https://2023.igem.wiki/tjusls-china,Asia,China,Bioremediation,Collegiate,under,Accepted
TokyoTech,https://old.igem.org/Team.cgi?team_id=4828,https://2023.igem.wiki/tokyotech,Asia,Japan,Diagnostics,Collegiate,under,Accepted
Tongji-China,https://old.igem.org/Team.cgi?team_id=4786,https://2023.igem.wiki/tongji-china,Asia,China,Diagnostics,Collegiate,under,Accepted
Tongji-Software,https://old.igem.org/Team.cgi?team_id=4787,https://2023.igem.wiki/tongji-software,Asia,China,Software &amp; AI,Collegiate,under,Accepted
Toronto,https://old.igem.org/Team.cgi?team_id=4615,https://2023.igem.wiki/toronto,North America,Canada,Climate Crisis,Collegiate,over,Accepted
Toulouse-INSA-UPS,https://old.igem.org/Team.cgi?team_id=4768,https://2023.igem.wiki/toulouse-insa-ups,Europe,France,Therapeutics,Collegiate,over,Accepted
TSB-Center,https://old.igem.org/Team.cgi?team_id=4843,https://2023.igem.wiki/tsb-center,Asia,China,High School,Commercial,hs,Accepted
TSBC-SZ,https://old.igem.org/Team.cgi?team_id=4841,https://2023.igem.wiki/tsbc-sz,Asia,China,High School,Commercial,hs,Accepted
Tsinghua,https://old.igem.org/Team.cgi?team_id=4634,https://2023.igem.wiki/tsinghua,Asia,China,Therapeutics,Collegiate,under,Accepted
Tsinghua-A,https://old.igem.org/Team.cgi?team_id=4771,https://2023.igem.wiki/tsinghua-a,Asia,China,Software &amp; AI,Collegiate,under,Accepted
Tsinghua-TFL,https://old.igem.org/Team.cgi?team_id=4772,https://2023.igem.wiki/tsinghua-tfl,Asia,China,Agriculture,Collegiate,under,Accepted
Tsukuba,https://old.igem.org/Team.cgi?team_id=4871,https://2023.igem.wiki/tsukuba,Asia,Japan,Environment,Collegiate,under,Accepted
TU-Braunschweig,https://old.igem.org/Team.cgi?team_id=4654,https://2023.igem.wiki/tu-braunschweig,Europe,Germany,Diagnostics,Collegiate,over,Accepted
TU-Dresden,https://old.igem.org/Team.cgi?team_id=4750,https://2023.igem.wiki/tu-dresden,Europe,Germany,Bioremediation,Collegiate,over,Accepted
TU-Eindhoven,https://old.igem.org/Team.cgi?team_id=4905,https://2023.igem.wiki/tu-eindhoven,Europe,Netherlands,Therapeutics,Collegiate,over,Accepted
Tuebingen,https://old.igem.org/Team.cgi?team_id=4834,https://2023.igem.wiki/tuebingen,Europe,Germany,Therapeutics,Collegiate,over,Accepted
UAlberta,https://old.igem.org/Team.cgi?team_id=4755,https://2023.igem.wiki/ualberta,North America,Canada,Agriculture,Collegiate,over,Accepted
UBC-Okanagan,https://old.igem.org/Team.cgi?team_id=4733,https://2023.igem.wiki/ubc-okanagan,North America,Canada,Conservation,Collegiate,over,Accepted
UBC-Vancouver,https://old.igem.org/Team.cgi?team_id=4796,https://2023.igem.wiki/ubc-vancouver,North America,Canada,Foundational Advance,Collegiate,under,Accepted
UCAS-China,https://old.igem.org/Team.cgi?team_id=4619,https://2023.igem.wiki/ucas-china,Asia,China,Foundational Advance,Collegiate,under,Accepted
UChicago,https://old.igem.org/Team.cgi?team_id=4710,https://2023.igem.wiki/uchicago,North America,United States,Biomanufacturing,Collegiate,under,Accepted
UConn,https://old.igem.org/Team.cgi?team_id=4984,https://2023.igem.wiki/uconn,North America,United States,Bioremediation,Collegiate,under,Accepted
UCSC,https://old.igem.org/Team.cgi?team_id=4592,https://2023.igem.wiki/ucsc,North America,United States,Bioremediation,Collegiate,under,Accepted
UESTC-China,https://old.igem.org/Team.cgi?team_id=4773,https://2023.igem.wiki/uestc-china,Asia,China,Bioremediation,Collegiate,over,Accepted
UFlorida,https://old.igem.org/Team.cgi?team_id=4975,https://2023.igem.wiki/uflorida,North America,United States,Biomanufacturing,Collegiate,under,Accepted
UGM-Indonesia,https://old.igem.org/Team.cgi?team_id=4914,https://2023.igem.wiki/ugm-indonesia,Asia,Indonesia,Diagnostics,Collegiate,under,Accepted
UI-Indonesia,https://old.igem.org/Team.cgi?team_id=4749,https://2023.igem.wiki/ui-indonesia,Asia,Indonesia,Therapeutics,Collegiate,under,Accepted
UIncheon,https://old.igem.org/Team.cgi?team_id=4866,https://2023.igem.wiki/uincheon,Asia,"Korea, Republic Of",Foundational Advance,Collegiate,over,Accepted
UiOslo-Norway,https://old.igem.org/Team.cgi?team_id=4899,https://2023.igem.wiki/uioslo-norway,Europe,Norway,Diagnostics,Collegiate,over,Accepted
ULaval,https://old.igem.org/Team.cgi?team_id=4726,https://2023.igem.wiki/ulaval,North America,Canada,Therapeutics,Collegiate,over,Accepted
ULC,https://old.igem.org/Team.cgi?team_id=4959,https://2023.igem.wiki/ulc,Asia,China,High School,Commercial,hs,Accepted
UM-Macau,https://old.igem.org/Team.cgi?team_id=4716,https://2023.igem.wiki/um-macau,Asia,Macao,Therapeutics,Collegiate,under,Accepted
UManitoba,https://old.igem.org/Team.cgi?team_id=4949,https://2023.igem.wiki/umanitoba,North America,Canada,Bioremediation,Collegiate,over,Accepted
UMaryland,https://old.igem.org/Team.cgi?team_id=4860,https://2023.igem.wiki/umaryland,North America,United States,Diagnostics,Collegiate,over,Accepted
UNC-ChapelHill,https://old.igem.org/Team.cgi?team_id=4893,https://2023.igem.wiki/unc-chapelhill,North America,United States,Diagnostics,Collegiate,under,Accepted
Uni-Padua-IT,https://old.igem.org/Team.cgi?team_id=4727,https://2023.igem.wiki/uni-padua-it,Europe,Italy,Therapeutics,Collegiate,under,Accepted
uniCRETE,https://old.igem.org/Team.cgi?team_id=4983,https://2023.igem.wiki/unicrete,Europe,Greece,Bioremediation,Collegiate,under,Accepted
UNILA-LatAm,https://old.igem.org/Team.cgi?team_id=5023,https://2023.igem.wiki/unila-latam,Latin America,Brazil,Bioremediation,Collegiate,over,Accepted
UNILausanne,https://old.igem.org/Team.cgi?team_id=4685,https://2023.igem.wiki/unilausanne,Europe,Switzerland,Bioremediation,Collegiate,under,Accepted
UniMuenster,https://old.igem.org/Team.cgi?team_id=4675,https://2023.igem.wiki/unimuenster,Europe,Germany,Conservation,Collegiate,over,Accepted
UNSW-Australia,https://old.igem.org/Team.cgi?team_id=4758,https://2023.igem.wiki/unsw-australia,Asia,Australia,Climate Crisis,Collegiate,under,Accepted
UNT,https://old.igem.org/Team.cgi?team_id=4848,https://2023.igem.wiki/unt,North America,United States,Climate Crisis,Collegiate,under,Accepted
UOregon,https://old.igem.org/Team.cgi?team_id=4598,https://2023.igem.wiki/uoregon,North America,United States,Therapeutics,Collegiate,under,Accepted
UPNAvarra-Spain,https://old.igem.org/Team.cgi?team_id=4671,https://2023.igem.wiki/upnavarra-spain,Europe,Spain,Food &amp; Nutrition,Collegiate,over,Accepted
USAFA,https://old.igem.org/Team.cgi?team_id=4578,https://2023.igem.wiki/usafa,North America,United States,Diagnostics,Collegiate,under,Accepted
USC,https://old.igem.org/Team.cgi?team_id=4857,https://2023.igem.wiki/usc,North America,United States,Agriculture,Collegiate,under,Accepted
USP-Brazil,https://old.igem.org/Team.cgi?team_id=4590,https://2023.igem.wiki/usp-brazil,Latin America,Brazil,Foundational Advance,Collegiate,over,Accepted
USP-EEL-Brazil,https://old.igem.org/Team.cgi?team_id=5007,https://2023.igem.wiki/usp-eel-brazil,Latin America,Brazil,Biomanufacturing,Collegiate,over,Accepted
USTC,https://old.igem.org/Team.cgi?team_id=4679,https://2023.igem.wiki/ustc,Asia,China,Biomanufacturing,Collegiate,over,Accepted
USTC-Software,https://old.igem.org/Team.cgi?team_id=4659,https://2023.igem.wiki/ustc-software,Asia,China,Software &amp; AI,Collegiate,under,Accepted
UTokyo,https://old.igem.org/Team.cgi?team_id=4803,https://2023.igem.wiki/utokyo,Asia,Japan,Foundational Advance,Collegiate,under,Accepted
UVU-Utah,https://old.igem.org/Team.cgi?team_id=4707,https://2023.igem.wiki/uvu-utah,North America,United States,Bioremediation,Collegiate,over,Accepted
UZurich,https://old.igem.org/Team.cgi?team_id=4662,https://2023.igem.wiki/uzurich,Europe,Switzerland,Therapeutics,Collegiate,over,Accepted
Vilnius-Lithuania,https://old.igem.org/Team.cgi?team_id=4719,https://2023.igem.wiki/vilnius-lithuania,Europe,Lithuania,Biomanufacturing,Collegiate,under,Accepted
Virginia,https://old.igem.org/Team.cgi?team_id=4853,https://2023.igem.wiki/virginia,North America,United States,Therapeutics,Collegiate,under,Accepted
VITVellore,https://old.igem.org/Team.cgi?team_id=4625,https://2023.igem.wiki/vitvellore,Asia,India,Environment,Collegiate,under,Accepted
WageningenUR,https://old.igem.org/Team.cgi?team_id=4663,https://2023.igem.wiki/wageningenur,Europe,Netherlands,Agriculture,Collegiate,over,Accepted
Warwick,https://old.igem.org/Team.cgi?team_id=4600,https://2023.igem.wiki/warwick,Europe,United Kingdom,Biomanufacturing,Collegiate,under,Accepted
Washington,https://old.igem.org/Team.cgi?team_id=4821,https://2023.igem.wiki/washington,North America,United States,Bioremediation,Collegiate,under,Accepted
Waterloo,https://old.igem.org/Team.cgi?team_id=4704,https://2023.igem.wiki/waterloo,North America,Canada,Agriculture,Collegiate,under,Accepted
Wego-Taipei,https://old.igem.org/Team.cgi?team_id=4748,https://2023.igem.wiki/wego-taipei,Asia,Taiwan,High School,High School,hs,Accepted
WestCentral-HS,https://old.igem.org/Team.cgi?team_id=4842,https://2023.igem.wiki/westcentral-hs,Asia,China,High School,Commercial,hs,Accepted
Westlake-China,https://old.igem.org/Team.cgi?team_id=4702,https://2023.igem.wiki/westlake-china,Asia,China,Biomanufacturing,Collegiate,under,Accepted
WHS-Fremont,https://old.igem.org/Team.cgi?team_id=4859,https://2023.igem.wiki/whs-fremont,North America,United States,High School,High School,hs,Accepted
WHU-China,https://old.igem.org/Team.cgi?team_id=4630,https://2023.igem.wiki/whu-china,Asia,China,Foundational Advance,Collegiate,under,Accepted
William-and-Mary,https://old.igem.org/Team.cgi?team_id=4631,https://2023.igem.wiki/william-and-mary,North America,United States,Foundational Advance,Collegiate,under,Accepted
WIST,https://old.igem.org/Team.cgi?team_id=5006,https://2023.igem.wiki/wist,Asia,Taiwan,High School,High School,hs,Accepted
WLC-Milwaukee,https://old.igem.org/Team.cgi?team_id=4916,https://2023.igem.wiki/wlc-milwaukee,North America,United States,Environment,Collegiate,under,Accepted
WrightState-OH,https://old.igem.org/Team.cgi?team_id=4681,https://2023.igem.wiki/wrightstate-oh,North America,United States,Environment,Collegiate,over,Accepted
Wuhan-Hubei-China,https://old.igem.org/Team.cgi?team_id=4795,https://2023.igem.wiki/wuhan-hubei-china,Asia,China,Agriculture,Collegiate,under,Accepted
WUST-China,https://old.igem.org/Team.cgi?team_id=4903,https://2023.igem.wiki/wust-china,Asia,China,Bioremediation,Collegiate,over,Accepted
WVHS-SanDiego,https://old.igem.org/Team.cgi?team_id=4730,https://2023.igem.wiki/wvhs-sandiego,North America,United States,High School,High School,hs,Accepted
XHD-WuHan-China,https://old.igem.org/Team.cgi?team_id=4994,https://2023.igem.wiki/xhd-wuhan-china,Asia,China,High School,Commercial,hs,Accepted
XHD-WuHan-Pro-China,https://old.igem.org/Team.cgi?team_id=4995,https://2023.igem.wiki/xhd-wuhan-pro-china,Asia,China,High School,Commercial,hs,Accepted
XJTLU-CHINA,https://old.igem.org/Team.cgi?team_id=4968,https://2023.igem.wiki/xjtlu-china,Asia,China,Bioremediation,Collegiate,under,Accepted
XJU-China,https://old.igem.org/Team.cgi?team_id=4835,https://2023.igem.wiki/xju-china,Asia,China,Biomanufacturing,Collegiate,under,Accepted
XMU-China,https://old.igem.org/Team.cgi?team_id=4907,https://2023.igem.wiki/xmu-china,Asia,China,Agriculture,Collegiate,under,Accepted
Yale,https://old.igem.org/Team.cgi?team_id=4947,https://2023.igem.wiki/yale,North America,United States,Biomanufacturing,Collegiate,under,Accepted
YangzhouNOFLS,https://old.igem.org/Team.cgi?team_id=4961,https://2023.igem.wiki/yangzhounofls,Asia,China,High School,Commercial,hs,Accepted
YiYe-China,https://old.igem.org/Team.cgi?team_id=4789,https://2023.igem.wiki/yiye-china,Asia,China,High School,Commercial,hs,Accepted
Zhejiang-United,https://old.igem.org/Team.cgi?team_id=4876,https://2023.igem.wiki/zhejiang-united,Asia,China,High School,Commercial,hs,Accepted
ZJFH-Nanjing,https://old.igem.org/Team.cgi?team_id=4941,https://2023.igem.wiki/zjfh-nanjing,Asia,China,High School,Commercial,hs,Accepted
ZJU-China,https://old.igem.org/Team.cgi?team_id=4628,https://2023.igem.wiki/zju-china,Asia,China,Agriculture,Collegiate,under,Accepted
ZJUintl-China,https://old.igem.org/Team.cgi?team_id=4776,https://2023.igem.wiki/zjuintl-china,Asia,China,Therapeutics,Collegiate,under,Accepted
ZJUT-China,https://old.igem.org/Team.cgi?team_id=4591,https://2023.igem.wiki/zjut-china,Asia,China,Bioremediation,Collegiate,under,
